folder,asset,field,value
Assets/Data,LoopSettings,pauseWhenAWayIsFound,True
Assets/Data,LoopSettings,vitalityMax,50
Assets/Data,LoopSettings,vitalityDrainPerSecond,1
Assets/Data,LoopSettings,drainGrowthPerMinute,0.4
Assets/Data,LoopSettings,pools.Array.data[0].hue,Amber
Assets/Data,LoopSettings,pools.Array.data[0].startsUnlocked,True
Assets/Data,LoopSettings,pools.Array.data[0].max,150
Assets/Data,LoopSettings,pools.Array.data[1].hue,Citrine
Assets/Data,LoopSettings,pools.Array.data[1].startsUnlocked,True
Assets/Data,LoopSettings,pools.Array.data[1].max,100
Assets/Data,LoopSettings,pools.Array.data[2].hue,Emerald
Assets/Data,LoopSettings,pools.Array.data[2].startsUnlocked,True
Assets/Data,LoopSettings,pools.Array.data[2].max,25
Assets/Data,LoopSettings,pools.Array.data[3].hue,Sapphire
Assets/Data,LoopSettings,pools.Array.data[3].startsUnlocked,True
Assets/Data,LoopSettings,pools.Array.data[3].max,75
Assets/Data,LoopSettings,pools.Array.data[4].hue,Iolite
Assets/Data,LoopSettings,pools.Array.data[4].startsUnlocked,True
Assets/Data,LoopSettings,pools.Array.data[4].max,100
Assets/Data,LoopSettings,pools.Array.data[5].hue,Amethyst
Assets/Data,LoopSettings,pools.Array.data[5].startsUnlocked,True
Assets/Data,LoopSettings,pools.Array.data[5].max,90
Assets/Data,LoopSettings,pools.Array.data[6].hue,Ruby
Assets/Data,LoopSettings,pools.Array.data[6].startsUnlocked,True
Assets/Data,LoopSettings,pools.Array.data[6].max,75
Assets/Data,LoopSettings,chargeActionCosts,False
Assets/Data,LoopSettings,chargeCarryCosts,False
Assets/Data,LoopSettings,byHeartRuns,4
Assets/Data,LoopSettings,fullSpeedRuns,8
Assets/Data,LoopSettings,roomSpeedCap,5
Assets/Data,LoopSettings,pocketSlots,5
Assets/Data,LoopSettings,floorSpace,10
Assets/Data,LoopSettings,standardTripSeconds,15
Assets/Data,LoopSettings,roomStep,1.1
Assets/Data,LoopSettings,xpPerSecondOfTask,1.5
Assets/Data,LoopSettings,masteryShare,1
Assets/Data,LoopSettings,xpForFirstLevel,10
Assets/Data,LoopSettings,masteryXpForFirstLevel,20
Assets/Data,LoopSettings,xpGrowthPerLevel,1.085
Assets/Data,LoopSettings,xpMinIncreasePerLevel,0
Assets/Data,LoopSettings,skillSpeedPerLevel,1.05
Assets/Data,LoopSettings,skillMasterySpeedPerLevel,1.01
Assets/Data,LoopSettings,attunementPerLevel,0.02
Assets/Data,LoopSettings,composureActionCostPerLevel,0.01
Assets/Data,LoopSettings,composureCarryCostPerLevel,0.1
Assets/Data,LoopSettings,enduranceXpPerVitalityLost,0.05
Assets/Data,LoopSettings,composureXpPerSecond,0.1
Assets/Data,LoopSettings,composureXpPerSecondCarrying,0.2
Assets/Data,LoopSettings,enduranceBankShare,0.03
Assets/Data,LoopSettings,enduranceBankPerLevel,0.01
Assets/Data,LoopSettings,enduranceOverflowPerLevel,0.5
Assets/Data,LoopSettings,composureDrainGrowthPerLevel,0.97
Assets/Data,LoopSettings,composureExtraDrainPerLevel,0.03
Assets/Data,LoopSettings,attunementRestorePerLevel,0.02
Assets/Data,LoopSettings,asleepAttributes.Array.data[0],Endurance
Assets/Data,LoopSettings,asleepAttributes.Array.data[1],Perception
Assets/Data,LoopSettings,asleepAttributes.Array.data[2],Scholarship
Assets/Data,LoopSettings,asleepAttributes.Array.data[3],Attunement
Assets/Data,LoopSettings,asleepAttributes.Array.data[4],Composure
Assets/Data,LoopSettings,collapseStatXpShare,0.5
Assets/Data,LoopSettings,scholarshipLevelsPerExtraStudy,5
Assets/Data,LoopSettings,statSkillXpPerLevel,0.05
Assets/Data/Tasks/Common,Explore,kind,Other
Assets/Data/Tasks/Common,Explore,blurbTopic,None
Assets/Data/Tasks/Common,Explore,durationMultiplier,1.667
Assets/Data/Tasks/Common,Explore,xpMultiplier,1
Assets/Data/Tasks/Common,Explore,startsUnlocked,False
Assets/Data/Tasks/Common,Explore,oncePerRun,False
Assets/Data/Tasks/Common,Explore,singleAction,False
Assets/Data/Tasks/Common,Explore,xpReward,0
Assets/Data/Tasks/Common,Explore,trainsAttribute,None
Assets/Data/Tasks/Common,Explore,cost,5
Assets/Data/Tasks/Common,Explore,costShares.Array.data[0].source,Vitality
Assets/Data/Tasks/Common,Explore,costShares.Array.data[0].percent,100
Assets/Data/Tasks/Common,Explore,alwaysCharged,True
Assets/Data/Tasks/Common,Explore,extraDrainPerSecond,0
Assets/Data/Tasks/Common,Explore,escalatingCharge,0
Assets/Data/Tasks/Common,Explore,chargeGrowth,1
Assets/Data/Tasks/Common,Explore,drainTimes,1
Assets/Data/Tasks/Common,Explore,walksOut,False
Assets/Data/Tasks/Common,PickUp,kind,Gather
Assets/Data/Tasks/Common,PickUp,blurbTopic,None
Assets/Data/Tasks/Common,PickUp,durationMultiplier,0.667
Assets/Data/Tasks/Common,PickUp,xpMultiplier,1
Assets/Data/Tasks/Common,PickUp,startsUnlocked,True
Assets/Data/Tasks/Common,PickUp,oncePerRun,False
Assets/Data/Tasks/Common,PickUp,singleAction,False
Assets/Data/Tasks/Common,PickUp,xpReward,0
Assets/Data/Tasks/Common,PickUp,trainsAttribute,None
Assets/Data/Tasks/Common,PickUp,cost,0
Assets/Data/Tasks/Common,PickUp,alwaysCharged,False
Assets/Data/Tasks/Common,PickUp,extraDrainPerSecond,0
Assets/Data/Tasks/Common,PickUp,escalatingCharge,0
Assets/Data/Tasks/Common,PickUp,chargeGrowth,1
Assets/Data/Tasks/Common,PickUp,drainTimes,1
Assets/Data/Tasks/Common,PickUp,walksOut,False
Assets/Data/Tasks/Common,PutDown,kind,Other
Assets/Data/Tasks/Common,PutDown,blurbTopic,None
Assets/Data/Tasks/Common,PutDown,durationMultiplier,0.333
Assets/Data/Tasks/Common,PutDown,xpMultiplier,1
Assets/Data/Tasks/Common,PutDown,startsUnlocked,True
Assets/Data/Tasks/Common,PutDown,oncePerRun,False
Assets/Data/Tasks/Common,PutDown,singleAction,False
Assets/Data/Tasks/Common,PutDown,xpReward,0
Assets/Data/Tasks/Common,PutDown,trainsAttribute,None
Assets/Data/Tasks/Common,PutDown,cost,0
Assets/Data/Tasks/Common,PutDown,alwaysCharged,False
Assets/Data/Tasks/Common,PutDown,extraDrainPerSecond,0
Assets/Data/Tasks/Common,PutDown,escalatingCharge,0
Assets/Data/Tasks/Common,PutDown,chargeGrowth,1
Assets/Data/Tasks/Common,PutDown,drainTimes,1
Assets/Data/Tasks/Common,PutDown,walksOut,False
Assets/Data/Tasks/Common,Travel,kind,Other
Assets/Data/Tasks/Common,Travel,blurbTopic,None
Assets/Data/Tasks/Common,Travel,durationMultiplier,1
Assets/Data/Tasks/Common,Travel,xpMultiplier,1
Assets/Data/Tasks/Common,Travel,startsUnlocked,True
Assets/Data/Tasks/Common,Travel,oncePerRun,False
Assets/Data/Tasks/Common,Travel,singleAction,False
Assets/Data/Tasks/Common,Travel,xpReward,0
Assets/Data/Tasks/Common,Travel,trainsAttribute,None
Assets/Data/Tasks/Common,Travel,cost,0
Assets/Data/Tasks/Common,Travel,costShares.Array.data[0].source,All Pools
Assets/Data/Tasks/Common,Travel,costShares.Array.data[0].percent,100
Assets/Data/Tasks/Common,Travel,alwaysCharged,True
Assets/Data/Tasks/Common,Travel,extraDrainPerSecond,0
Assets/Data/Tasks/Common,Travel,escalatingCharge,3
Assets/Data/Tasks/Common,Travel,chargeGrowth,1.08
Assets/Data/Tasks/Common,Travel,easierWith.Array.data[0].costEach,0.5
Assets/Data/Tasks/Common,Travel,easierWith.Array.data[0].timeEach,1
Assets/Data/Tasks/Common,Travel,drainTimes,1
Assets/Data/Tasks/Common,Travel,walksOut,False
Assets/Data/Tasks/Hall,ExitThroughTheGlowingMirror,kind,Other
Assets/Data/Tasks/Hall,ExitThroughTheGlowingMirror,blurbTopic,None
Assets/Data/Tasks/Hall,ExitThroughTheGlowingMirror,durationMultiplier,2
Assets/Data/Tasks/Hall,ExitThroughTheGlowingMirror,xpMultiplier,1
Assets/Data/Tasks/Hall,ExitThroughTheGlowingMirror,startsUnlocked,False
Assets/Data/Tasks/Hall,ExitThroughTheGlowingMirror,oncePerRun,False
Assets/Data/Tasks/Hall,ExitThroughTheGlowingMirror,singleAction,False
Assets/Data/Tasks/Hall,ExitThroughTheGlowingMirror,xpReward,0
Assets/Data/Tasks/Hall,ExitThroughTheGlowingMirror,trainsAttribute,None
Assets/Data/Tasks/Hall,ExitThroughTheGlowingMirror,cost,0
Assets/Data/Tasks/Hall,ExitThroughTheGlowingMirror,alwaysCharged,False
Assets/Data/Tasks/Hall,ExitThroughTheGlowingMirror,extraDrainPerSecond,0
Assets/Data/Tasks/Hall,ExitThroughTheGlowingMirror,escalatingCharge,0
Assets/Data/Tasks/Hall,ExitThroughTheGlowingMirror,chargeGrowth,1
Assets/Data/Tasks/Hall,ExitThroughTheGlowingMirror,needs.Array.data[0].amount,1
Assets/Data/Tasks/Hall,ExitThroughTheGlowingMirror,drainTimes,1
Assets/Data/Tasks/Hall,ExitThroughTheGlowingMirror,walksOut,True
Assets/Data/Tasks/Hall,FeedYourHoursToTheFlames,kind,Other
Assets/Data/Tasks/Hall,FeedYourHoursToTheFlames,blurbTopic,None
Assets/Data/Tasks/Hall,FeedYourHoursToTheFlames,durationMultiplier,2.204
Assets/Data/Tasks/Hall,FeedYourHoursToTheFlames,xpMultiplier,1
Assets/Data/Tasks/Hall,FeedYourHoursToTheFlames,startsUnlocked,False
Assets/Data/Tasks/Hall,FeedYourHoursToTheFlames,oncePerRun,False
Assets/Data/Tasks/Hall,FeedYourHoursToTheFlames,singleAction,False
Assets/Data/Tasks/Hall,FeedYourHoursToTheFlames,xpReward,0
Assets/Data/Tasks/Hall,FeedYourHoursToTheFlames,trainsAttribute,None
Assets/Data/Tasks/Hall,FeedYourHoursToTheFlames,cost,0
Assets/Data/Tasks/Hall,FeedYourHoursToTheFlames,alwaysCharged,False
Assets/Data/Tasks/Hall,FeedYourHoursToTheFlames,extraDrainPerSecond,2
Assets/Data/Tasks/Hall,FeedYourHoursToTheFlames,escalatingCharge,0
Assets/Data/Tasks/Hall,FeedYourHoursToTheFlames,chargeGrowth,1
Assets/Data/Tasks/Hall,FeedYourHoursToTheFlames,needs.Array.data[0].amount,10
Assets/Data/Tasks/Hall,FeedYourHoursToTheFlames,gives.Array.data[0].amount,1
Assets/Data/Tasks/Hall,FeedYourHoursToTheFlames,drainTimes,1
Assets/Data/Tasks/Hall,FeedYourHoursToTheFlames,walksOut,False
Assets/Data/Tasks/Hall,FillABottledWell,kind,Gather
Assets/Data/Tasks/Hall,FillABottledWell,blurbTopic,None
Assets/Data/Tasks/Hall,FillABottledWell,durationMultiplier,2.066
Assets/Data/Tasks/Hall,FillABottledWell,xpMultiplier,1
Assets/Data/Tasks/Hall,FillABottledWell,startsUnlocked,True
Assets/Data/Tasks/Hall,FillABottledWell,oncePerRun,False
Assets/Data/Tasks/Hall,FillABottledWell,singleAction,False
Assets/Data/Tasks/Hall,FillABottledWell,xpReward,0
Assets/Data/Tasks/Hall,FillABottledWell,trainsAttribute,None
Assets/Data/Tasks/Hall,FillABottledWell,cost,0
Assets/Data/Tasks/Hall,FillABottledWell,alwaysCharged,False
Assets/Data/Tasks/Hall,FillABottledWell,extraDrainPerSecond,0
Assets/Data/Tasks/Hall,FillABottledWell,escalatingCharge,0
Assets/Data/Tasks/Hall,FillABottledWell,chargeGrowth,1
Assets/Data/Tasks/Hall,FillABottledWell,needs.Array.data[0].amount,1
Assets/Data/Tasks/Hall,FillABottledWell,gives.Array.data[0].amount,1
Assets/Data/Tasks/Hall,FillABottledWell,drainTimes,1
Assets/Data/Tasks/Hall,FillABottledWell,walksOut,False
Assets/Data/Tasks/Hall,GatherAWisp,kind,Gather
Assets/Data/Tasks/Hall,GatherAWisp,blurbTopic,Gathering
Assets/Data/Tasks/Hall,GatherAWisp,durationMultiplier,0.333
Assets/Data/Tasks/Hall,GatherAWisp,xpMultiplier,1
Assets/Data/Tasks/Hall,GatherAWisp,startsUnlocked,False
Assets/Data/Tasks/Hall,GatherAWisp,oncePerRun,False
Assets/Data/Tasks/Hall,GatherAWisp,singleAction,False
Assets/Data/Tasks/Hall,GatherAWisp,xpReward,0
Assets/Data/Tasks/Hall,GatherAWisp,trainsAttribute,None
Assets/Data/Tasks/Hall,GatherAWisp,cost,0
Assets/Data/Tasks/Hall,GatherAWisp,alwaysCharged,False
Assets/Data/Tasks/Hall,GatherAWisp,extraDrainPerSecond,0
Assets/Data/Tasks/Hall,GatherAWisp,escalatingCharge,0
Assets/Data/Tasks/Hall,GatherAWisp,chargeGrowth,1
Assets/Data/Tasks/Hall,GatherAWisp,gives.Array.data[0].amount,1
Assets/Data/Tasks/Hall,GatherAWisp,drainTimes,1
Assets/Data/Tasks/Hall,GatherAWisp,walksOut,False
Assets/Data/Tasks/Hall,InstantiateACandle,kind,Instantiate
Assets/Data/Tasks/Hall,InstantiateACandle,blurbTopic,Instantiating
Assets/Data/Tasks/Hall,InstantiateACandle,durationMultiplier,0.242
Assets/Data/Tasks/Hall,InstantiateACandle,xpMultiplier,1
Assets/Data/Tasks/Hall,InstantiateACandle,startsUnlocked,True
Assets/Data/Tasks/Hall,InstantiateACandle,oncePerRun,False
Assets/Data/Tasks/Hall,InstantiateACandle,singleAction,False
Assets/Data/Tasks/Hall,InstantiateACandle,xpReward,0
Assets/Data/Tasks/Hall,InstantiateACandle,trainsAttribute,None
Assets/Data/Tasks/Hall,InstantiateACandle,cost,0
Assets/Data/Tasks/Hall,InstantiateACandle,alwaysCharged,False
Assets/Data/Tasks/Hall,InstantiateACandle,extraDrainPerSecond,0
Assets/Data/Tasks/Hall,InstantiateACandle,escalatingCharge,0
Assets/Data/Tasks/Hall,InstantiateACandle,chargeGrowth,1
Assets/Data/Tasks/Hall,InstantiateACandle,gives.Array.data[0].amount,1
Assets/Data/Tasks/Hall,InstantiateACandle,drainTimes,1
Assets/Data/Tasks/Hall,InstantiateACandle,walksOut,False
Assets/Data/Tasks/Hall,InstantiateAnEmptyPhial,kind,Instantiate
Assets/Data/Tasks/Hall,InstantiateAnEmptyPhial,blurbTopic,Instantiating
Assets/Data/Tasks/Hall,InstantiateAnEmptyPhial,durationMultiplier,1.102
Assets/Data/Tasks/Hall,InstantiateAnEmptyPhial,xpMultiplier,1
Assets/Data/Tasks/Hall,InstantiateAnEmptyPhial,startsUnlocked,True
Assets/Data/Tasks/Hall,InstantiateAnEmptyPhial,oncePerRun,True
Assets/Data/Tasks/Hall,InstantiateAnEmptyPhial,singleAction,False
Assets/Data/Tasks/Hall,InstantiateAnEmptyPhial,xpReward,0
Assets/Data/Tasks/Hall,InstantiateAnEmptyPhial,trainsAttribute,None
Assets/Data/Tasks/Hall,InstantiateAnEmptyPhial,cost,0
Assets/Data/Tasks/Hall,InstantiateAnEmptyPhial,alwaysCharged,False
Assets/Data/Tasks/Hall,InstantiateAnEmptyPhial,extraDrainPerSecond,0
Assets/Data/Tasks/Hall,InstantiateAnEmptyPhial,escalatingCharge,0
Assets/Data/Tasks/Hall,InstantiateAnEmptyPhial,chargeGrowth,1
Assets/Data/Tasks/Hall,InstantiateAnEmptyPhial,gives.Array.data[0].amount,1
Assets/Data/Tasks/Hall,InstantiateAnEmptyPhial,drainTimes,1
Assets/Data/Tasks/Hall,InstantiateAnEmptyPhial,walksOut,False
Assets/Data/Tasks/Hall,InstantiateASatchel,kind,Instantiate
Assets/Data/Tasks/Hall,InstantiateASatchel,blurbTopic,Instantiating
Assets/Data/Tasks/Hall,InstantiateASatchel,durationMultiplier,1.102
Assets/Data/Tasks/Hall,InstantiateASatchel,xpMultiplier,1
Assets/Data/Tasks/Hall,InstantiateASatchel,startsUnlocked,True
Assets/Data/Tasks/Hall,InstantiateASatchel,oncePerRun,True
Assets/Data/Tasks/Hall,InstantiateASatchel,singleAction,False
Assets/Data/Tasks/Hall,InstantiateASatchel,xpReward,0
Assets/Data/Tasks/Hall,InstantiateASatchel,trainsAttribute,None
Assets/Data/Tasks/Hall,InstantiateASatchel,cost,0
Assets/Data/Tasks/Hall,InstantiateASatchel,alwaysCharged,False
Assets/Data/Tasks/Hall,InstantiateASatchel,extraDrainPerSecond,0
Assets/Data/Tasks/Hall,InstantiateASatchel,escalatingCharge,0
Assets/Data/Tasks/Hall,InstantiateASatchel,chargeGrowth,1
Assets/Data/Tasks/Hall,InstantiateASatchel,gives.Array.data[0].amount,1
Assets/Data/Tasks/Hall,InstantiateASatchel,drainTimes,1
Assets/Data/Tasks/Hall,InstantiateASatchel,walksOut,False
Assets/Data/Tasks/Hall,InstantiateFlintAndSteel,kind,Instantiate
Assets/Data/Tasks/Hall,InstantiateFlintAndSteel,blurbTopic,Instantiating
Assets/Data/Tasks/Hall,InstantiateFlintAndSteel,durationMultiplier,0.909
Assets/Data/Tasks/Hall,InstantiateFlintAndSteel,xpMultiplier,1
Assets/Data/Tasks/Hall,InstantiateFlintAndSteel,startsUnlocked,True
Assets/Data/Tasks/Hall,InstantiateFlintAndSteel,oncePerRun,True
Assets/Data/Tasks/Hall,InstantiateFlintAndSteel,singleAction,False
Assets/Data/Tasks/Hall,InstantiateFlintAndSteel,xpReward,0
Assets/Data/Tasks/Hall,InstantiateFlintAndSteel,trainsAttribute,None
Assets/Data/Tasks/Hall,InstantiateFlintAndSteel,cost,0
Assets/Data/Tasks/Hall,InstantiateFlintAndSteel,alwaysCharged,False
Assets/Data/Tasks/Hall,InstantiateFlintAndSteel,extraDrainPerSecond,0
Assets/Data/Tasks/Hall,InstantiateFlintAndSteel,escalatingCharge,0
Assets/Data/Tasks/Hall,InstantiateFlintAndSteel,chargeGrowth,1
Assets/Data/Tasks/Hall,InstantiateFlintAndSteel,gives.Array.data[0].amount,1
Assets/Data/Tasks/Hall,InstantiateFlintAndSteel,drainTimes,1
Assets/Data/Tasks/Hall,InstantiateFlintAndSteel,walksOut,False
Assets/Data/Tasks/Hall,LightACandleInTheCorridor,kind,Other
Assets/Data/Tasks/Hall,LightACandleInTheCorridor,blurbTopic,None
Assets/Data/Tasks/Hall,LightACandleInTheCorridor,durationMultiplier,0.165
Assets/Data/Tasks/Hall,LightACandleInTheCorridor,xpMultiplier,1
Assets/Data/Tasks/Hall,LightACandleInTheCorridor,startsUnlocked,True
Assets/Data/Tasks/Hall,LightACandleInTheCorridor,oncePerRun,False
Assets/Data/Tasks/Hall,LightACandleInTheCorridor,singleAction,False
Assets/Data/Tasks/Hall,LightACandleInTheCorridor,xpReward,0
Assets/Data/Tasks/Hall,LightACandleInTheCorridor,trainsAttribute,None
Assets/Data/Tasks/Hall,LightACandleInTheCorridor,cost,0
Assets/Data/Tasks/Hall,LightACandleInTheCorridor,alwaysCharged,False
Assets/Data/Tasks/Hall,LightACandleInTheCorridor,extraDrainPerSecond,0
Assets/Data/Tasks/Hall,LightACandleInTheCorridor,escalatingCharge,0
Assets/Data/Tasks/Hall,LightACandleInTheCorridor,chargeGrowth,1
Assets/Data/Tasks/Hall,LightACandleInTheCorridor,needs.Array.data[0].amount,1
Assets/Data/Tasks/Hall,LightACandleInTheCorridor,needs.Array.data[1].amount,1
Assets/Data/Tasks/Hall,LightACandleInTheCorridor,gives.Array.data[0].amount,1
Assets/Data/Tasks/Hall,LightACandleInTheCorridor,takes.Array.data[0].amount,1
Assets/Data/Tasks/Hall,LightACandleInTheCorridor,drainTimes,1
Assets/Data/Tasks/Hall,LightACandleInTheCorridor,walksOut,False
Assets/Data/Tasks/Hall,LightTheCandles,kind,Other
Assets/Data/Tasks/Hall,LightTheCandles,blurbTopic,None
Assets/Data/Tasks/Hall,LightTheCandles,durationMultiplier,0.182
Assets/Data/Tasks/Hall,LightTheCandles,xpMultiplier,1
Assets/Data/Tasks/Hall,LightTheCandles,startsUnlocked,True
Assets/Data/Tasks/Hall,LightTheCandles,oncePerRun,False
Assets/Data/Tasks/Hall,LightTheCandles,singleAction,False
Assets/Data/Tasks/Hall,LightTheCandles,xpReward,0
Assets/Data/Tasks/Hall,LightTheCandles,trainsAttribute,None
Assets/Data/Tasks/Hall,LightTheCandles,cost,0
Assets/Data/Tasks/Hall,LightTheCandles,alwaysCharged,False
Assets/Data/Tasks/Hall,LightTheCandles,extraDrainPerSecond,0
Assets/Data/Tasks/Hall,LightTheCandles,escalatingCharge,0
Assets/Data/Tasks/Hall,LightTheCandles,chargeGrowth,1
Assets/Data/Tasks/Hall,LightTheCandles,needs.Array.data[0].amount,1
Assets/Data/Tasks/Hall,LightTheCandles,needs.Array.data[1].amount,1
Assets/Data/Tasks/Hall,LightTheCandles,gives.Array.data[0].amount,1
Assets/Data/Tasks/Hall,LightTheCandles,takes.Array.data[0].amount,1
Assets/Data/Tasks/Hall,LightTheCandles,drainTimes,1
Assets/Data/Tasks/Hall,LightTheCandles,walksOut,False
Assets/Data/Tasks/Hall,SearchLeftCorridor,kind,Search
Assets/Data/Tasks/Hall,SearchLeftCorridor,blurbTopic,None
Assets/Data/Tasks/Hall,SearchLeftCorridor,durationMultiplier,0.952
Assets/Data/Tasks/Hall,SearchLeftCorridor,xpMultiplier,1
Assets/Data/Tasks/Hall,SearchLeftCorridor,startsUnlocked,False
Assets/Data/Tasks/Hall,SearchLeftCorridor,oncePerRun,False
Assets/Data/Tasks/Hall,SearchLeftCorridor,singleAction,False
Assets/Data/Tasks/Hall,SearchLeftCorridor,xpReward,0
Assets/Data/Tasks/Hall,SearchLeftCorridor,trainsAttribute,None
Assets/Data/Tasks/Hall,SearchLeftCorridor,cost,40
Assets/Data/Tasks/Hall,SearchLeftCorridor,costShares.Array.data[0].source,Vitality
Assets/Data/Tasks/Hall,SearchLeftCorridor,costShares.Array.data[0].percent,100
Assets/Data/Tasks/Hall,SearchLeftCorridor,alwaysCharged,False
Assets/Data/Tasks/Hall,SearchLeftCorridor,extraDrainPerSecond,0
Assets/Data/Tasks/Hall,SearchLeftCorridor,escalatingCharge,0
Assets/Data/Tasks/Hall,SearchLeftCorridor,chargeGrowth,1
Assets/Data/Tasks/Hall,SearchLeftCorridor,drainTimes,1
Assets/Data/Tasks/Hall,SearchLeftCorridor,walksOut,False
Assets/Data/Tasks/Hall,SearchRightCorridor,kind,Search
Assets/Data/Tasks/Hall,SearchRightCorridor,blurbTopic,None
Assets/Data/Tasks/Hall,SearchRightCorridor,durationMultiplier,0.952
Assets/Data/Tasks/Hall,SearchRightCorridor,xpMultiplier,1
Assets/Data/Tasks/Hall,SearchRightCorridor,startsUnlocked,False
Assets/Data/Tasks/Hall,SearchRightCorridor,oncePerRun,False
Assets/Data/Tasks/Hall,SearchRightCorridor,singleAction,False
Assets/Data/Tasks/Hall,SearchRightCorridor,xpReward,0
Assets/Data/Tasks/Hall,SearchRightCorridor,trainsAttribute,None
Assets/Data/Tasks/Hall,SearchRightCorridor,cost,40
Assets/Data/Tasks/Hall,SearchRightCorridor,costShares.Array.data[0].source,Vitality
Assets/Data/Tasks/Hall,SearchRightCorridor,costShares.Array.data[0].percent,100
Assets/Data/Tasks/Hall,SearchRightCorridor,alwaysCharged,False
Assets/Data/Tasks/Hall,SearchRightCorridor,extraDrainPerSecond,0
Assets/Data/Tasks/Hall,SearchRightCorridor,escalatingCharge,0
Assets/Data/Tasks/Hall,SearchRightCorridor,chargeGrowth,1
Assets/Data/Tasks/Hall,SearchRightCorridor,gives.Array.data[0].amount,1
Assets/Data/Tasks/Hall,SearchRightCorridor,drainTimes,1
Assets/Data/Tasks/Hall,SearchRightCorridor,walksOut,False
Assets/Data/Tasks/Hall,TakeTheRing,kind,Instantiate
Assets/Data/Tasks/Hall,TakeTheRing,blurbTopic,Instantiating
Assets/Data/Tasks/Hall,TakeTheRing,durationMultiplier,0.551
Assets/Data/Tasks/Hall,TakeTheRing,xpMultiplier,1
Assets/Data/Tasks/Hall,TakeTheRing,startsUnlocked,False
Assets/Data/Tasks/Hall,TakeTheRing,oncePerRun,True
Assets/Data/Tasks/Hall,TakeTheRing,singleAction,False
Assets/Data/Tasks/Hall,TakeTheRing,xpReward,0
Assets/Data/Tasks/Hall,TakeTheRing,trainsAttribute,None
Assets/Data/Tasks/Hall,TakeTheRing,cost,0
Assets/Data/Tasks/Hall,TakeTheRing,alwaysCharged,False
Assets/Data/Tasks/Hall,TakeTheRing,extraDrainPerSecond,0
Assets/Data/Tasks/Hall,TakeTheRing,escalatingCharge,0
Assets/Data/Tasks/Hall,TakeTheRing,chargeGrowth,1
Assets/Data/Tasks/Hall,TakeTheRing,gives.Array.data[0].amount,1
Assets/Data/Tasks/Hall,TakeTheRing,drainTimes,1
Assets/Data/Tasks/Hall,TakeTheRing,walksOut,False
Assets/Data/Tasks/Lab,Attend,kind,Other
Assets/Data/Tasks/Lab,Attend,blurbTopic,None
Assets/Data/Tasks/Lab,Attend,durationMultiplier,0.228
Assets/Data/Tasks/Lab,Attend,xpMultiplier,1
Assets/Data/Tasks/Lab,Attend,startsUnlocked,True
Assets/Data/Tasks/Lab,Attend,oncePerRun,True
Assets/Data/Tasks/Lab,Attend,singleAction,False
Assets/Data/Tasks/Lab,Attend,xpReward,0
Assets/Data/Tasks/Lab,Attend,trainsAttribute,Composure
Assets/Data/Tasks/Lab,Attend,cost,6
Assets/Data/Tasks/Lab,Attend,costShares.Array.data[0].source,Vitality
Assets/Data/Tasks/Lab,Attend,costShares.Array.data[0].percent,100
Assets/Data/Tasks/Lab,Attend,alwaysCharged,False
Assets/Data/Tasks/Lab,Attend,extraDrainPerSecond,0
Assets/Data/Tasks/Lab,Attend,escalatingCharge,0
Assets/Data/Tasks/Lab,Attend,chargeGrowth,1
Assets/Data/Tasks/Lab,Attend,gives.Array.data[0].amount,1
Assets/Data/Tasks/Lab,Attend,drainTimes,1
Assets/Data/Tasks/Lab,Attend,walksOut,False
Assets/Data/Tasks/Lab,ClearTheBench,kind,Other
Assets/Data/Tasks/Lab,ClearTheBench,blurbTopic,None
Assets/Data/Tasks/Lab,ClearTheBench,durationMultiplier,0.182
Assets/Data/Tasks/Lab,ClearTheBench,xpMultiplier,1
Assets/Data/Tasks/Lab,ClearTheBench,startsUnlocked,False
Assets/Data/Tasks/Lab,ClearTheBench,oncePerRun,True
Assets/Data/Tasks/Lab,ClearTheBench,singleAction,False
Assets/Data/Tasks/Lab,ClearTheBench,xpReward,0
Assets/Data/Tasks/Lab,ClearTheBench,trainsAttribute,None
Assets/Data/Tasks/Lab,ClearTheBench,cost,8
Assets/Data/Tasks/Lab,ClearTheBench,costShares.Array.data[0].source,Vitality
Assets/Data/Tasks/Lab,ClearTheBench,costShares.Array.data[0].percent,100
Assets/Data/Tasks/Lab,ClearTheBench,alwaysCharged,False
Assets/Data/Tasks/Lab,ClearTheBench,extraDrainPerSecond,0
Assets/Data/Tasks/Lab,ClearTheBench,escalatingCharge,0
Assets/Data/Tasks/Lab,ClearTheBench,chargeGrowth,1
Assets/Data/Tasks/Lab,ClearTheBench,gives.Array.data[0].amount,1
Assets/Data/Tasks/Lab,ClearTheBench,drainTimes,1
Assets/Data/Tasks/Lab,ClearTheBench,walksOut,False
Assets/Data/Tasks/Lab,CraftTheGem,kind,Instantiate
Assets/Data/Tasks/Lab,CraftTheGem,blurbTopic,None
Assets/Data/Tasks/Lab,CraftTheGem,durationMultiplier,1.822
Assets/Data/Tasks/Lab,CraftTheGem,xpMultiplier,1
Assets/Data/Tasks/Lab,CraftTheGem,startsUnlocked,True
Assets/Data/Tasks/Lab,CraftTheGem,oncePerRun,True
Assets/Data/Tasks/Lab,CraftTheGem,singleAction,False
Assets/Data/Tasks/Lab,CraftTheGem,xpReward,0
Assets/Data/Tasks/Lab,CraftTheGem,trainsAttribute,None
Assets/Data/Tasks/Lab,CraftTheGem,cost,60
Assets/Data/Tasks/Lab,CraftTheGem,costShares.Array.data[0].source,Vitality
Assets/Data/Tasks/Lab,CraftTheGem,costShares.Array.data[0].percent,100
Assets/Data/Tasks/Lab,CraftTheGem,alwaysCharged,False
Assets/Data/Tasks/Lab,CraftTheGem,extraDrainPerSecond,0
Assets/Data/Tasks/Lab,CraftTheGem,escalatingCharge,0
Assets/Data/Tasks/Lab,CraftTheGem,chargeGrowth,1
Assets/Data/Tasks/Lab,CraftTheGem,gives.Array.data[0].amount,1
Assets/Data/Tasks/Lab,CraftTheGem,drainTimes,1
Assets/Data/Tasks/Lab,CraftTheGem,walksOut,False
Assets/Data/Tasks/Lab,CraftTheGem,requiresSkills.Array.data[0].level,8
Assets/Data/Tasks/Lab,CutTheStone,kind,Instantiate
Assets/Data/Tasks/Lab,CutTheStone,blurbTopic,None
Assets/Data/Tasks/Lab,CutTheStone,durationMultiplier,0.304
Assets/Data/Tasks/Lab,CutTheStone,xpMultiplier,1
Assets/Data/Tasks/Lab,CutTheStone,startsUnlocked,False
Assets/Data/Tasks/Lab,CutTheStone,oncePerRun,False
Assets/Data/Tasks/Lab,CutTheStone,singleAction,False
Assets/Data/Tasks/Lab,CutTheStone,xpReward,0
Assets/Data/Tasks/Lab,CutTheStone,trainsAttribute,None
Assets/Data/Tasks/Lab,CutTheStone,cost,30
Assets/Data/Tasks/Lab,CutTheStone,costShares.Array.data[0].source,Vitality
Assets/Data/Tasks/Lab,CutTheStone,costShares.Array.data[0].percent,100
Assets/Data/Tasks/Lab,CutTheStone,alwaysCharged,False
Assets/Data/Tasks/Lab,CutTheStone,extraDrainPerSecond,0
Assets/Data/Tasks/Lab,CutTheStone,escalatingCharge,0
Assets/Data/Tasks/Lab,CutTheStone,chargeGrowth,1
Assets/Data/Tasks/Lab,CutTheStone,needs.Array.data[0].amount,3
Assets/Data/Tasks/Lab,CutTheStone,needs.Array.data[1].amount,1
Assets/Data/Tasks/Lab,CutTheStone,easierWith.Array.data[0].costEach,0.8
Assets/Data/Tasks/Lab,CutTheStone,easierWith.Array.data[0].timeEach,0.8
Assets/Data/Tasks/Lab,CutTheStone,drainTimes,1
Assets/Data/Tasks/Lab,CutTheStone,walksOut,False
Assets/Data/Tasks/Lab,DrawADenseWisp,kind,Gather
Assets/Data/Tasks/Lab,DrawADenseWisp,blurbTopic,None
Assets/Data/Tasks/Lab,DrawADenseWisp,durationMultiplier,2.277
Assets/Data/Tasks/Lab,DrawADenseWisp,xpMultiplier,1
Assets/Data/Tasks/Lab,DrawADenseWisp,startsUnlocked,True
Assets/Data/Tasks/Lab,DrawADenseWisp,oncePerRun,False
Assets/Data/Tasks/Lab,DrawADenseWisp,singleAction,False
Assets/Data/Tasks/Lab,DrawADenseWisp,xpReward,0
Assets/Data/Tasks/Lab,DrawADenseWisp,trainsAttribute,None
Assets/Data/Tasks/Lab,DrawADenseWisp,cost,0
Assets/Data/Tasks/Lab,DrawADenseWisp,alwaysCharged,False
Assets/Data/Tasks/Lab,DrawADenseWisp,extraDrainPerSecond,0
Assets/Data/Tasks/Lab,DrawADenseWisp,escalatingCharge,0
Assets/Data/Tasks/Lab,DrawADenseWisp,chargeGrowth,1
Assets/Data/Tasks/Lab,DrawADenseWisp,needs.Array.data[0].amount,1
Assets/Data/Tasks/Lab,DrawADenseWisp,gives.Array.data[0].amount,1
Assets/Data/Tasks/Lab,DrawADenseWisp,drainTimes,1
Assets/Data/Tasks/Lab,DrawADenseWisp,walksOut,False
Assets/Data/Tasks/Lab,DrawOnTheManaStone,kind,Other
Assets/Data/Tasks/Lab,DrawOnTheManaStone,blurbTopic,None
Assets/Data/Tasks/Lab,DrawOnTheManaStone,durationMultiplier,0.114
Assets/Data/Tasks/Lab,DrawOnTheManaStone,xpMultiplier,1
Assets/Data/Tasks/Lab,DrawOnTheManaStone,startsUnlocked,False
Assets/Data/Tasks/Lab,DrawOnTheManaStone,oncePerRun,False
Assets/Data/Tasks/Lab,DrawOnTheManaStone,singleAction,False
Assets/Data/Tasks/Lab,DrawOnTheManaStone,xpReward,0
Assets/Data/Tasks/Lab,DrawOnTheManaStone,trainsAttribute,None
Assets/Data/Tasks/Lab,DrawOnTheManaStone,cost,0
Assets/Data/Tasks/Lab,DrawOnTheManaStone,alwaysCharged,False
Assets/Data/Tasks/Lab,DrawOnTheManaStone,extraDrainPerSecond,0
Assets/Data/Tasks/Lab,DrawOnTheManaStone,escalatingCharge,0
Assets/Data/Tasks/Lab,DrawOnTheManaStone,chargeGrowth,1
Assets/Data/Tasks/Lab,DrawOnTheManaStone,gives.Array.data[0].amount,1
Assets/Data/Tasks/Lab,DrawOnTheManaStone,drainTimes,1
Assets/Data/Tasks/Lab,DrawOnTheManaStone,walksOut,False
Assets/Data/Tasks/Lab,PractiseTheCut,kind,Instantiate
Assets/Data/Tasks/Lab,PractiseTheCut,blurbTopic,None
Assets/Data/Tasks/Lab,PractiseTheCut,durationMultiplier,0.364
Assets/Data/Tasks/Lab,PractiseTheCut,xpMultiplier,3
Assets/Data/Tasks/Lab,PractiseTheCut,startsUnlocked,True
Assets/Data/Tasks/Lab,PractiseTheCut,oncePerRun,False
Assets/Data/Tasks/Lab,PractiseTheCut,singleAction,False
Assets/Data/Tasks/Lab,PractiseTheCut,xpReward,0
Assets/Data/Tasks/Lab,PractiseTheCut,trainsAttribute,None
Assets/Data/Tasks/Lab,PractiseTheCut,cost,8
Assets/Data/Tasks/Lab,PractiseTheCut,costShares.Array.data[0].source,Vitality
Assets/Data/Tasks/Lab,PractiseTheCut,costShares.Array.data[0].percent,100
Assets/Data/Tasks/Lab,PractiseTheCut,alwaysCharged,False
Assets/Data/Tasks/Lab,PractiseTheCut,extraDrainPerSecond,0
Assets/Data/Tasks/Lab,PractiseTheCut,escalatingCharge,2
Assets/Data/Tasks/Lab,PractiseTheCut,chargeGrowth,1.15
Assets/Data/Tasks/Lab,PractiseTheCut,drainTimes,1
Assets/Data/Tasks/Lab,PractiseTheCut,walksOut,False
Assets/Data/Tasks/Lab,StudyTheTome,kind,Study
Assets/Data/Tasks/Lab,StudyTheTome,blurbTopic,None
Assets/Data/Tasks/Lab,StudyTheTome,durationMultiplier,0.285
Assets/Data/Tasks/Lab,StudyTheTome,xpMultiplier,1
Assets/Data/Tasks/Lab,StudyTheTome,startsUnlocked,True
Assets/Data/Tasks/Lab,StudyTheTome,oncePerRun,True
Assets/Data/Tasks/Lab,StudyTheTome,singleAction,False
Assets/Data/Tasks/Lab,StudyTheTome,xpReward,0
Assets/Data/Tasks/Lab,StudyTheTome,trainsAttribute,None
Assets/Data/Tasks/Lab,StudyTheTome,cost,10
Assets/Data/Tasks/Lab,StudyTheTome,costShares.Array.data[0].source,Vitality
Assets/Data/Tasks/Lab,StudyTheTome,costShares.Array.data[0].percent,100
Assets/Data/Tasks/Lab,StudyTheTome,alwaysCharged,False
Assets/Data/Tasks/Lab,StudyTheTome,extraDrainPerSecond,0
Assets/Data/Tasks/Lab,StudyTheTome,escalatingCharge,0
Assets/Data/Tasks/Lab,StudyTheTome,chargeGrowth,1
Assets/Data/Tasks/Lab,StudyTheTome,gives.Array.data[0].amount,1
Assets/Data/Tasks/Lab,StudyTheTome,drainTimes,1
Assets/Data/Tasks/Lab,StudyTheTome,walksOut,False
Assets/Data/Tasks/Lab,TakeTheEarrings,kind,Take
Assets/Data/Tasks/Lab,TakeTheEarrings,blurbTopic,None
Assets/Data/Tasks/Lab,TakeTheEarrings,durationMultiplier,0.342
Assets/Data/Tasks/Lab,TakeTheEarrings,xpMultiplier,1
Assets/Data/Tasks/Lab,TakeTheEarrings,startsUnlocked,True
Assets/Data/Tasks/Lab,TakeTheEarrings,oncePerRun,False
Assets/Data/Tasks/Lab,TakeTheEarrings,singleAction,False
Assets/Data/Tasks/Lab,TakeTheEarrings,xpReward,0
Assets/Data/Tasks/Lab,TakeTheEarrings,trainsAttribute,None
Assets/Data/Tasks/Lab,TakeTheEarrings,cost,0
Assets/Data/Tasks/Lab,TakeTheEarrings,alwaysCharged,False
Assets/Data/Tasks/Lab,TakeTheEarrings,extraDrainPerSecond,0
Assets/Data/Tasks/Lab,TakeTheEarrings,escalatingCharge,0
Assets/Data/Tasks/Lab,TakeTheEarrings,chargeGrowth,1
Assets/Data/Tasks/Lab,TakeTheEarrings,gives.Array.data[0].amount,1
Assets/Data/Tasks/Lab,TakeTheEarrings,drainTimes,1
Assets/Data/Tasks/Lab,TakeTheEarrings,walksOut,False
Assets/Data/Tasks/Lab,TakeTheTome,kind,Take
Assets/Data/Tasks/Lab,TakeTheTome,blurbTopic,None
Assets/Data/Tasks/Lab,TakeTheTome,durationMultiplier,1.708
Assets/Data/Tasks/Lab,TakeTheTome,xpMultiplier,1
Assets/Data/Tasks/Lab,TakeTheTome,startsUnlocked,False
Assets/Data/Tasks/Lab,TakeTheTome,oncePerRun,True
Assets/Data/Tasks/Lab,TakeTheTome,singleAction,False
Assets/Data/Tasks/Lab,TakeTheTome,xpReward,0
Assets/Data/Tasks/Lab,TakeTheTome,trainsAttribute,None
Assets/Data/Tasks/Lab,TakeTheTome,cost,0
Assets/Data/Tasks/Lab,TakeTheTome,alwaysCharged,False
Assets/Data/Tasks/Lab,TakeTheTome,extraDrainPerSecond,0
Assets/Data/Tasks/Lab,TakeTheTome,escalatingCharge,0
Assets/Data/Tasks/Lab,TakeTheTome,chargeGrowth,1
Assets/Data/Tasks/Lab,TakeTheTome,gives.Array.data[0].amount,1
Assets/Data/Tasks/Lab,TakeTheTome,drainTimes,1
Assets/Data/Tasks/Lab,TakeTheTome,walksOut,False
Assets/Data/Tasks/Lab,TalkToRoland,kind,Other
Assets/Data/Tasks/Lab,TalkToRoland,blurbTopic,None
Assets/Data/Tasks/Lab,TalkToRoland,durationMultiplier,6
Assets/Data/Tasks/Lab,TalkToRoland,xpMultiplier,1
Assets/Data/Tasks/Lab,TalkToRoland,startsUnlocked,True
Assets/Data/Tasks/Lab,TalkToRoland,oncePerRun,True
Assets/Data/Tasks/Lab,TalkToRoland,singleAction,False
Assets/Data/Tasks/Lab,TalkToRoland,xpReward,0
Assets/Data/Tasks/Lab,TalkToRoland,trainsAttribute,Attunement
Assets/Data/Tasks/Lab,TalkToRoland,cost,25
Assets/Data/Tasks/Lab,TalkToRoland,costShares.Array.data[0].source,Vitality
Assets/Data/Tasks/Lab,TalkToRoland,costShares.Array.data[0].percent,100
Assets/Data/Tasks/Lab,TalkToRoland,alwaysCharged,False
Assets/Data/Tasks/Lab,TalkToRoland,extraDrainPerSecond,0
Assets/Data/Tasks/Lab,TalkToRoland,escalatingCharge,0
Assets/Data/Tasks/Lab,TalkToRoland,chargeGrowth,1
Assets/Data/Tasks/Lab,TalkToRoland,needs.Array.data[0].amount,1
Assets/Data/Tasks/Lab,TalkToRoland,takes.Array.data[0].amount,1
Assets/Data/Tasks/Lab,TalkToRoland,easierWith.Array.data[0].costEach,0.9
Assets/Data/Tasks/Lab,TalkToRoland,easierWith.Array.data[0].timeEach,0.85
Assets/Data/Tasks/Lab,TalkToRoland,drainTimes,1
Assets/Data/Tasks/Lab,TalkToRoland,walksOut,False
Assets/Data/Tasks/Lab,WatchHim,kind,Study
Assets/Data/Tasks/Lab,WatchHim,blurbTopic,None
Assets/Data/Tasks/Lab,WatchHim,durationMultiplier,0.427
Assets/Data/Tasks/Lab,WatchHim,xpMultiplier,1
Assets/Data/Tasks/Lab,WatchHim,startsUnlocked,True
Assets/Data/Tasks/Lab,WatchHim,oncePerRun,True
Assets/Data/Tasks/Lab,WatchHim,singleAction,False
Assets/Data/Tasks/Lab,WatchHim,xpReward,0
Assets/Data/Tasks/Lab,WatchHim,trainsAttribute,Perception
Assets/Data/Tasks/Lab,WatchHim,cost,30
Assets/Data/Tasks/Lab,WatchHim,costShares.Array.data[0].source,Vitality
Assets/Data/Tasks/Lab,WatchHim,costShares.Array.data[0].percent,100
Assets/Data/Tasks/Lab,WatchHim,alwaysCharged,False
Assets/Data/Tasks/Lab,WatchHim,extraDrainPerSecond,0
Assets/Data/Tasks/Lab,WatchHim,escalatingCharge,0
Assets/Data/Tasks/Lab,WatchHim,chargeGrowth,1
Assets/Data/Tasks/Lab,WatchHim,gives.Array.data[0].amount,1
Assets/Data/Tasks/Lab,WatchHim,easierWith.Array.data[0].costEach,0.8
Assets/Data/Tasks/Lab,WatchHim,easierWith.Array.data[0].timeEach,0.8
Assets/Data/Tasks/Lab,WatchHim,drainTimes,1
Assets/Data/Tasks/Lab,WatchHim,walksOut,False
Assets/Data/Tasks/Tutorial,ChaseRoland,kind,Other
Assets/Data/Tasks/Tutorial,ChaseRoland,blurbTopic,None
Assets/Data/Tasks/Tutorial,ChaseRoland,durationMultiplier,0.667
Assets/Data/Tasks/Tutorial,ChaseRoland,xpMultiplier,1
Assets/Data/Tasks/Tutorial,ChaseRoland,startsUnlocked,True
Assets/Data/Tasks/Tutorial,ChaseRoland,oncePerRun,False
Assets/Data/Tasks/Tutorial,ChaseRoland,singleAction,False
Assets/Data/Tasks/Tutorial,ChaseRoland,xpReward,0
Assets/Data/Tasks/Tutorial,ChaseRoland,trainsAttribute,None
Assets/Data/Tasks/Tutorial,ChaseRoland,cost,300
Assets/Data/Tasks/Tutorial,ChaseRoland,costShares.Array.data[0].source,Vitality
Assets/Data/Tasks/Tutorial,ChaseRoland,costShares.Array.data[0].percent,100
Assets/Data/Tasks/Tutorial,ChaseRoland,alwaysCharged,True
Assets/Data/Tasks/Tutorial,ChaseRoland,extraDrainPerSecond,0
Assets/Data/Tasks/Tutorial,ChaseRoland,escalatingCharge,0
Assets/Data/Tasks/Tutorial,ChaseRoland,chargeGrowth,1
Assets/Data/Tasks/Tutorial,ChaseRoland,drainTimes,1
Assets/Data/Tasks/Tutorial,ChaseRoland,walksOut,False
Assets/Data/Items,Benchcleared,kind,Tool
Assets/Data/Items,Benchcleared,lasts,This Run
Assets/Data/Items,Benchcleared,hideOnceUsed,False
Assets/Data/Items,Benchcleared,startingMax,1
Assets/Data/Items,Benchcleared,carryCostPerSecond,0
Assets/Data/Items,Benchcleared,alwaysCharged,False
Assets/Data/Items,Benchcleared,goesInPocket,False
Assets/Data/Items,Benchcleared,onlyInContainers,False
Assets/Data/Items,Benchcleared,addsPockets,0
Assets/Data/Items,Benchcleared,addsFloorSpace,0
Assets/Data/Items,Benchcleared,holdsHowMany,0
Assets/Data/Items,Benchcleared,restoreVitality,0
Assets/Data/Items,Benchcleared,restoreSeconds,2.5
Assets/Data/Items,Benchcleared,drainAtFull,1
Assets/Data/Items,Benchcleared,countsUpTo,0
Assets/Data/Items,Benchcleared,unlocksSpeed,0
Assets/Data/Items,Benchcleared,unlocksRoomSpeed,False
Assets/Data/Items,Benchcleared,unlocksPlanning,False
Assets/Data/Items,Bottledwell,kind,Restorative
Assets/Data/Items,Bottledwell,lasts,This Run
Assets/Data/Items,Bottledwell,hideOnceUsed,False
Assets/Data/Items,Bottledwell,startingMax,0
Assets/Data/Items,Bottledwell,carryCostPerSecond,0
Assets/Data/Items,Bottledwell,alwaysCharged,False
Assets/Data/Items,Bottledwell,goesInPocket,True
Assets/Data/Items,Bottledwell,onlyInContainers,False
Assets/Data/Items,Bottledwell,addsPockets,0
Assets/Data/Items,Bottledwell,addsFloorSpace,0
Assets/Data/Items,Bottledwell,holdsHowMany,0
Assets/Data/Items,Bottledwell,restoreVitality,20
Assets/Data/Items,Bottledwell,restoreSeconds,3.5
Assets/Data/Items,Bottledwell,drainAtFull,1
Assets/Data/Items,Bottledwell,countsUpTo,0
Assets/Data/Items,Bottledwell,unlocksSpeed,0
Assets/Data/Items,Bottledwell,unlocksRoomSpeed,False
Assets/Data/Items,Bottledwell,unlocksPlanning,False
Assets/Data/Items,Candlelight,kind,Tool
Assets/Data/Items,Candlelight,lasts,This Run
Assets/Data/Items,Candlelight,hideOnceUsed,False
Assets/Data/Items,Candlelight,startingMax,15
Assets/Data/Items,Candlelight,carryCostPerSecond,0
Assets/Data/Items,Candlelight,alwaysCharged,False
Assets/Data/Items,Candlelight,goesInPocket,False
Assets/Data/Items,Candlelight,onlyInContainers,False
Assets/Data/Items,Candlelight,addsPockets,0
Assets/Data/Items,Candlelight,addsFloorSpace,5
Assets/Data/Items,Candlelight,holdsHowMany,0
Assets/Data/Items,Candlelight,restoreVitality,0
Assets/Data/Items,Candlelight,restoreSeconds,2.5
Assets/Data/Items,Candlelight,drainAtFull,0.5
Assets/Data/Items,Candlelight,countsUpTo,15
Assets/Data/Items,Candlelight,unlocksSpeed,0
Assets/Data/Items,Candlelight,unlocksRoomSpeed,False
Assets/Data/Items,Candlelight,unlocksPlanning,False
Assets/Data/Items,CorridorCandlelight,kind,Tool
Assets/Data/Items,CorridorCandlelight,lasts,This Run
Assets/Data/Items,CorridorCandlelight,hideOnceUsed,False
Assets/Data/Items,CorridorCandlelight,startingMax,10
Assets/Data/Items,CorridorCandlelight,carryCostPerSecond,0
Assets/Data/Items,CorridorCandlelight,alwaysCharged,False
Assets/Data/Items,CorridorCandlelight,goesInPocket,False
Assets/Data/Items,CorridorCandlelight,onlyInContainers,False
Assets/Data/Items,CorridorCandlelight,addsPockets,0
Assets/Data/Items,CorridorCandlelight,addsFloorSpace,0
Assets/Data/Items,CorridorCandlelight,holdsHowMany,0
Assets/Data/Items,CorridorCandlelight,restoreVitality,0
Assets/Data/Items,CorridorCandlelight,restoreSeconds,2.5
Assets/Data/Items,CorridorCandlelight,drainAtFull,1
Assets/Data/Items,CorridorCandlelight,countsUpTo,0
Assets/Data/Items,CorridorCandlelight,unlocksSpeed,0
Assets/Data/Items,CorridorCandlelight,unlocksRoomSpeed,False
Assets/Data/Items,CorridorCandlelight,unlocksPlanning,False
Assets/Data/Items,Densewisp,kind,Restorative
Assets/Data/Items,Densewisp,lasts,This Run
Assets/Data/Items,Densewisp,hideOnceUsed,False
Assets/Data/Items,Densewisp,startingMax,0
Assets/Data/Items,Densewisp,carryCostPerSecond,0
Assets/Data/Items,Densewisp,alwaysCharged,False
Assets/Data/Items,Densewisp,goesInPocket,True
Assets/Data/Items,Densewisp,onlyInContainers,True
Assets/Data/Items,Densewisp,addsPockets,0
Assets/Data/Items,Densewisp,addsFloorSpace,0
Assets/Data/Items,Densewisp,holdsHowMany,0
Assets/Data/Items,Densewisp,restoreVitality,40
Assets/Data/Items,Densewisp,restoreSeconds,6
Assets/Data/Items,Densewisp,drainAtFull,1
Assets/Data/Items,Densewisp,countsUpTo,0
Assets/Data/Items,Densewisp,unlocksSpeed,0
Assets/Data/Items,Densewisp,unlocksRoomSpeed,False
Assets/Data/Items,Densewisp,unlocksPlanning,False
Assets/Data/Items,Emptyphial,kind,Tool
Assets/Data/Items,Emptyphial,lasts,This Run
Assets/Data/Items,Emptyphial,hideOnceUsed,False
Assets/Data/Items,Emptyphial,startingMax,1
Assets/Data/Items,Emptyphial,carryCostPerSecond,0
Assets/Data/Items,Emptyphial,alwaysCharged,False
Assets/Data/Items,Emptyphial,goesInPocket,False
Assets/Data/Items,Emptyphial,onlyInContainers,False
Assets/Data/Items,Emptyphial,addsPockets,0
Assets/Data/Items,Emptyphial,addsFloorSpace,0
Assets/Data/Items,Emptyphial,holdsHowMany,10
Assets/Data/Items,Emptyphial,restoreVitality,0
Assets/Data/Items,Emptyphial,restoreSeconds,2.5
Assets/Data/Items,Emptyphial,drainAtFull,1
Assets/Data/Items,Emptyphial,countsUpTo,0
Assets/Data/Items,Emptyphial,unlocksSpeed,0
Assets/Data/Items,Emptyphial,unlocksRoomSpeed,False
Assets/Data/Items,Emptyphial,unlocksPlanning,False
Assets/Data/Items,Flintandsteel,kind,Tool
Assets/Data/Items,Flintandsteel,lasts,This Run
Assets/Data/Items,Flintandsteel,hideOnceUsed,False
Assets/Data/Items,Flintandsteel,startingMax,1
Assets/Data/Items,Flintandsteel,carryCostPerSecond,0
Assets/Data/Items,Flintandsteel,alwaysCharged,False
Assets/Data/Items,Flintandsteel,goesInPocket,True
Assets/Data/Items,Flintandsteel,onlyInContainers,False
Assets/Data/Items,Flintandsteel,addsPockets,0
Assets/Data/Items,Flintandsteel,addsFloorSpace,0
Assets/Data/Items,Flintandsteel,holdsHowMany,0
Assets/Data/Items,Flintandsteel,restoreVitality,0
Assets/Data/Items,Flintandsteel,restoreSeconds,2.5
Assets/Data/Items,Flintandsteel,drainAtFull,1
Assets/Data/Items,Flintandsteel,countsUpTo,0
Assets/Data/Items,Flintandsteel,unlocksSpeed,0
Assets/Data/Items,Flintandsteel,unlocksRoomSpeed,False
Assets/Data/Items,Flintandsteel,unlocksPlanning,False
Assets/Data/Items,Focus,kind,Tool
Assets/Data/Items,Focus,lasts,This Run
Assets/Data/Items,Focus,hideOnceUsed,False
Assets/Data/Items,Focus,startingMax,0
Assets/Data/Items,Focus,carryCostPerSecond,0
Assets/Data/Items,Focus,alwaysCharged,False
Assets/Data/Items,Focus,goesInPocket,False
Assets/Data/Items,Focus,onlyInContainers,False
Assets/Data/Items,Focus,addsPockets,0
Assets/Data/Items,Focus,addsFloorSpace,0
Assets/Data/Items,Focus,holdsHowMany,0
Assets/Data/Items,Focus,restoreVitality,0
Assets/Data/Items,Focus,restoreSeconds,2.5
Assets/Data/Items,Focus,drainAtFull,1
Assets/Data/Items,Focus,countsUpTo,0
Assets/Data/Items,Focus,unlocksSpeed,0
Assets/Data/Items,Focus,unlocksRoomSpeed,False
Assets/Data/Items,Focus,unlocksPlanning,False
Assets/Data/Items,Hangingcandle,kind,Light
Assets/Data/Items,Hangingcandle,lasts,This Run
Assets/Data/Items,Hangingcandle,hideOnceUsed,False
Assets/Data/Items,Hangingcandle,startingMax,0
Assets/Data/Items,Hangingcandle,carryCostPerSecond,0
Assets/Data/Items,Hangingcandle,alwaysCharged,False
Assets/Data/Items,Hangingcandle,goesInPocket,True
Assets/Data/Items,Hangingcandle,onlyInContainers,False
Assets/Data/Items,Hangingcandle,addsPockets,0
Assets/Data/Items,Hangingcandle,addsFloorSpace,0
Assets/Data/Items,Hangingcandle,holdsHowMany,0
Assets/Data/Items,Hangingcandle,restoreVitality,0
Assets/Data/Items,Hangingcandle,restoreSeconds,2.5
Assets/Data/Items,Hangingcandle,drainAtFull,1
Assets/Data/Items,Hangingcandle,countsUpTo,0
Assets/Data/Items,Hangingcandle,unlocksSpeed,0
Assets/Data/Items,Hangingcandle,unlocksRoomSpeed,False
Assets/Data/Items,Hangingcandle,unlocksPlanning,False
Assets/Data/Items,MirrorsFound,kind,Tool
Assets/Data/Items,MirrorsFound,lasts,Forever
Assets/Data/Items,MirrorsFound,hideOnceUsed,True
Assets/Data/Items,MirrorsFound,startingMax,10
Assets/Data/Items,MirrorsFound,carryCostPerSecond,0
Assets/Data/Items,MirrorsFound,alwaysCharged,False
Assets/Data/Items,MirrorsFound,goesInPocket,False
Assets/Data/Items,MirrorsFound,onlyInContainers,False
Assets/Data/Items,MirrorsFound,addsPockets,0
Assets/Data/Items,MirrorsFound,addsFloorSpace,0
Assets/Data/Items,MirrorsFound,holdsHowMany,0
Assets/Data/Items,MirrorsFound,restoreVitality,0
Assets/Data/Items,MirrorsFound,restoreSeconds,2.5
Assets/Data/Items,MirrorsFound,drainAtFull,1
Assets/Data/Items,MirrorsFound,countsUpTo,0
Assets/Data/Items,MirrorsFound,unlocksSpeed,0
Assets/Data/Items,MirrorsFound,unlocksRoomSpeed,False
Assets/Data/Items,MirrorsFound,unlocksPlanning,False
Assets/Data/Items,QuickenedHours,kind,Tool
Assets/Data/Items,QuickenedHours,lasts,Forever
Assets/Data/Items,QuickenedHours,hideOnceUsed,False
Assets/Data/Items,QuickenedHours,startingMax,1
Assets/Data/Items,QuickenedHours,carryCostPerSecond,0
Assets/Data/Items,QuickenedHours,alwaysCharged,False
Assets/Data/Items,QuickenedHours,goesInPocket,False
Assets/Data/Items,QuickenedHours,onlyInContainers,False
Assets/Data/Items,QuickenedHours,addsPockets,0
Assets/Data/Items,QuickenedHours,addsFloorSpace,0
Assets/Data/Items,QuickenedHours,holdsHowMany,0
Assets/Data/Items,QuickenedHours,restoreVitality,0
Assets/Data/Items,QuickenedHours,restoreSeconds,2.5
Assets/Data/Items,QuickenedHours,drainAtFull,1
Assets/Data/Items,QuickenedHours,countsUpTo,0
Assets/Data/Items,QuickenedHours,unlocksSpeed,0
Assets/Data/Items,QuickenedHours,unlocksRoomSpeed,True
Assets/Data/Items,QuickenedHours,unlocksPlanning,True
Assets/Data/Items,Rolandsring,kind,Keepsake
Assets/Data/Items,Rolandsring,lasts,Carried
Assets/Data/Items,Rolandsring,hideOnceUsed,False
Assets/Data/Items,Rolandsring,startingMax,1
Assets/Data/Items,Rolandsring,carryCostPerSecond,1
Assets/Data/Items,Rolandsring,alwaysCharged,True
Assets/Data/Items,Rolandsring,goesInPocket,True
Assets/Data/Items,Rolandsring,onlyInContainers,False
Assets/Data/Items,Rolandsring,addsPockets,0
Assets/Data/Items,Rolandsring,addsFloorSpace,0
Assets/Data/Items,Rolandsring,holdsHowMany,0
Assets/Data/Items,Rolandsring,restoreVitality,0
Assets/Data/Items,Rolandsring,restoreSeconds,2.5
Assets/Data/Items,Rolandsring,drainAtFull,1
Assets/Data/Items,Rolandsring,countsUpTo,0
Assets/Data/Items,Rolandsring,unlocksSpeed,0
Assets/Data/Items,Rolandsring,unlocksRoomSpeed,False
Assets/Data/Items,Rolandsring,unlocksPlanning,False
Assets/Data/Items,Satchel,kind,Tool
Assets/Data/Items,Satchel,lasts,This Run
Assets/Data/Items,Satchel,hideOnceUsed,False
Assets/Data/Items,Satchel,startingMax,1
Assets/Data/Items,Satchel,carryCostPerSecond,0
Assets/Data/Items,Satchel,alwaysCharged,False
Assets/Data/Items,Satchel,goesInPocket,True
Assets/Data/Items,Satchel,onlyInContainers,False
Assets/Data/Items,Satchel,addsPockets,7
Assets/Data/Items,Satchel,addsFloorSpace,0
Assets/Data/Items,Satchel,holdsHowMany,0
Assets/Data/Items,Satchel,restoreVitality,0
Assets/Data/Items,Satchel,restoreSeconds,2.5
Assets/Data/Items,Satchel,drainAtFull,1
Assets/Data/Items,Satchel,countsUpTo,0
Assets/Data/Items,Satchel,unlocksSpeed,0
Assets/Data/Items,Satchel,unlocksRoomSpeed,False
Assets/Data/Items,Satchel,unlocksPlanning,False
Assets/Data/Items,Steadyhands,kind,Tool
Assets/Data/Items,Steadyhands,lasts,This Run
Assets/Data/Items,Steadyhands,hideOnceUsed,False
Assets/Data/Items,Steadyhands,startingMax,1
Assets/Data/Items,Steadyhands,carryCostPerSecond,0
Assets/Data/Items,Steadyhands,alwaysCharged,False
Assets/Data/Items,Steadyhands,goesInPocket,False
Assets/Data/Items,Steadyhands,onlyInContainers,False
Assets/Data/Items,Steadyhands,addsPockets,0
Assets/Data/Items,Steadyhands,addsFloorSpace,0
Assets/Data/Items,Steadyhands,holdsHowMany,0
Assets/Data/Items,Steadyhands,restoreVitality,0
Assets/Data/Items,Steadyhands,restoreSeconds,2.5
Assets/Data/Items,Steadyhands,drainAtFull,1
Assets/Data/Items,Steadyhands,countsUpTo,0
Assets/Data/Items,Steadyhands,unlocksSpeed,0
Assets/Data/Items,Steadyhands,unlocksRoomSpeed,False
Assets/Data/Items,Steadyhands,unlocksPlanning,False
Assets/Data/Items,Thegem,kind,Keepsake
Assets/Data/Items,Thegem,lasts,Forever
Assets/Data/Items,Thegem,hideOnceUsed,False
Assets/Data/Items,Thegem,startingMax,1
Assets/Data/Items,Thegem,carryCostPerSecond,0
Assets/Data/Items,Thegem,alwaysCharged,False
Assets/Data/Items,Thegem,goesInPocket,False
Assets/Data/Items,Thegem,onlyInContainers,False
Assets/Data/Items,Thegem,addsPockets,0
Assets/Data/Items,Thegem,addsFloorSpace,0
Assets/Data/Items,Thegem,holdsHowMany,0
Assets/Data/Items,Thegem,restoreVitality,0
Assets/Data/Items,Thegem,restoreSeconds,5
Assets/Data/Items,Thegem,drainAtFull,1
Assets/Data/Items,Thegem,countsUpTo,0
Assets/Data/Items,Thegem,unlocksSpeed,0
Assets/Data/Items,Thegem,unlocksRoomSpeed,False
Assets/Data/Items,Thegem,unlocksPlanning,False
Assets/Data/Items,Themanastoneswarmth,kind,Tool
Assets/Data/Items,Themanastoneswarmth,lasts,Forever
Assets/Data/Items,Themanastoneswarmth,hideOnceUsed,False
Assets/Data/Items,Themanastoneswarmth,startingMax,1
Assets/Data/Items,Themanastoneswarmth,carryCostPerSecond,0
Assets/Data/Items,Themanastoneswarmth,alwaysCharged,False
Assets/Data/Items,Themanastoneswarmth,goesInPocket,False
Assets/Data/Items,Themanastoneswarmth,onlyInContainers,False
Assets/Data/Items,Themanastoneswarmth,addsPockets,0
Assets/Data/Items,Themanastoneswarmth,addsFloorSpace,0
Assets/Data/Items,Themanastoneswarmth,holdsHowMany,0
Assets/Data/Items,Themanastoneswarmth,restoreVitality,0
Assets/Data/Items,Themanastoneswarmth,restoreSeconds,2.5
Assets/Data/Items,Themanastoneswarmth,drainAtFull,1
Assets/Data/Items,Themanastoneswarmth,countsUpTo,0
Assets/Data/Items,Themanastoneswarmth,unlocksSpeed,0
Assets/Data/Items,Themanastoneswarmth,unlocksRoomSpeed,False
Assets/Data/Items,Themanastoneswarmth,unlocksPlanning,False
Assets/Data/Items,Thetome,kind,Keepsake
Assets/Data/Items,Thetome,lasts,This Run
Assets/Data/Items,Thetome,hideOnceUsed,False
Assets/Data/Items,Thetome,startingMax,1
Assets/Data/Items,Thetome,carryCostPerSecond,0
Assets/Data/Items,Thetome,alwaysCharged,False
Assets/Data/Items,Thetome,goesInPocket,True
Assets/Data/Items,Thetome,onlyInContainers,False
Assets/Data/Items,Thetome,addsPockets,0
Assets/Data/Items,Thetome,addsFloorSpace,0
Assets/Data/Items,Thetome,holdsHowMany,0
Assets/Data/Items,Thetome,restoreVitality,0
Assets/Data/Items,Thetome,restoreSeconds,2.5
Assets/Data/Items,Thetome,drainAtFull,1
Assets/Data/Items,Thetome,countsUpTo,0
Assets/Data/Items,Thetome,unlocksSpeed,0
Assets/Data/Items,Thetome,unlocksRoomSpeed,False
Assets/Data/Items,Thetome,unlocksPlanning,False
Assets/Data/Items,ToolA,kind,Tool
Assets/Data/Items,ToolA,lasts,This Run
Assets/Data/Items,ToolA,hideOnceUsed,False
Assets/Data/Items,ToolA,startingMax,0
Assets/Data/Items,ToolA,carryCostPerSecond,0
Assets/Data/Items,ToolA,alwaysCharged,False
Assets/Data/Items,ToolA,goesInPocket,False
Assets/Data/Items,ToolA,onlyInContainers,False
Assets/Data/Items,ToolA,addsPockets,0
Assets/Data/Items,ToolA,addsFloorSpace,0
Assets/Data/Items,ToolA,holdsHowMany,0
Assets/Data/Items,ToolA,restoreVitality,0
Assets/Data/Items,ToolA,restoreSeconds,2.5
Assets/Data/Items,ToolA,drainAtFull,1
Assets/Data/Items,ToolA,countsUpTo,0
Assets/Data/Items,ToolA,unlocksSpeed,0
Assets/Data/Items,ToolA,unlocksRoomSpeed,False
Assets/Data/Items,ToolA,unlocksPlanning,False
Assets/Data/Items,Understanding,kind,Tool
Assets/Data/Items,Understanding,lasts,This Run
Assets/Data/Items,Understanding,hideOnceUsed,False
Assets/Data/Items,Understanding,startingMax,3
Assets/Data/Items,Understanding,carryCostPerSecond,0
Assets/Data/Items,Understanding,alwaysCharged,False
Assets/Data/Items,Understanding,goesInPocket,False
Assets/Data/Items,Understanding,onlyInContainers,False
Assets/Data/Items,Understanding,addsPockets,0
Assets/Data/Items,Understanding,addsFloorSpace,0
Assets/Data/Items,Understanding,holdsHowMany,0
Assets/Data/Items,Understanding,restoreVitality,0
Assets/Data/Items,Understanding,restoreSeconds,2.5
Assets/Data/Items,Understanding,drainAtFull,1
Assets/Data/Items,Understanding,countsUpTo,0
Assets/Data/Items,Understanding,unlocksSpeed,0
Assets/Data/Items,Understanding,unlocksRoomSpeed,False
Assets/Data/Items,Understanding,unlocksPlanning,False
Assets/Data/Items,Whathedidthatnight,kind,Tool
Assets/Data/Items,Whathedidthatnight,lasts,Forever
Assets/Data/Items,Whathedidthatnight,hideOnceUsed,False
Assets/Data/Items,Whathedidthatnight,startingMax,6
Assets/Data/Items,Whathedidthatnight,carryCostPerSecond,0
Assets/Data/Items,Whathedidthatnight,alwaysCharged,False
Assets/Data/Items,Whathedidthatnight,goesInPocket,False
Assets/Data/Items,Whathedidthatnight,onlyInContainers,False
Assets/Data/Items,Whathedidthatnight,addsPockets,0
Assets/Data/Items,Whathedidthatnight,addsFloorSpace,0
Assets/Data/Items,Whathedidthatnight,holdsHowMany,0
Assets/Data/Items,Whathedidthatnight,restoreVitality,0
Assets/Data/Items,Whathedidthatnight,restoreSeconds,2.5
Assets/Data/Items,Whathedidthatnight,drainAtFull,1
Assets/Data/Items,Whathedidthatnight,countsUpTo,0
Assets/Data/Items,Whathedidthatnight,unlocksSpeed,0
Assets/Data/Items,Whathedidthatnight,unlocksRoomSpeed,False
Assets/Data/Items,Whathedidthatnight,unlocksPlanning,False
Assets/Data/Items,Whitesapphireearrings,kind,Keepsake
Assets/Data/Items,Whitesapphireearrings,lasts,Forever
Assets/Data/Items,Whitesapphireearrings,hideOnceUsed,False
Assets/Data/Items,Whitesapphireearrings,startingMax,1
Assets/Data/Items,Whitesapphireearrings,carryCostPerSecond,0
Assets/Data/Items,Whitesapphireearrings,alwaysCharged,False
Assets/Data/Items,Whitesapphireearrings,goesInPocket,False
Assets/Data/Items,Whitesapphireearrings,onlyInContainers,False
Assets/Data/Items,Whitesapphireearrings,addsPockets,0
Assets/Data/Items,Whitesapphireearrings,addsFloorSpace,0
Assets/Data/Items,Whitesapphireearrings,holdsHowMany,10
Assets/Data/Items,Whitesapphireearrings,restoreVitality,0
Assets/Data/Items,Whitesapphireearrings,restoreSeconds,5
Assets/Data/Items,Whitesapphireearrings,drainAtFull,1
Assets/Data/Items,Whitesapphireearrings,countsUpTo,0
Assets/Data/Items,Whitesapphireearrings,unlocksSpeed,0
Assets/Data/Items,Whitesapphireearrings,unlocksRoomSpeed,False
Assets/Data/Items,Whitesapphireearrings,unlocksPlanning,False
Assets/Data/Items,Wisp,kind,Restorative
Assets/Data/Items,Wisp,lasts,This Run
Assets/Data/Items,Wisp,hideOnceUsed,False
Assets/Data/Items,Wisp,startingMax,0
Assets/Data/Items,Wisp,carryCostPerSecond,0
Assets/Data/Items,Wisp,alwaysCharged,False
Assets/Data/Items,Wisp,goesInPocket,True
Assets/Data/Items,Wisp,onlyInContainers,False
Assets/Data/Items,Wisp,addsPockets,0
Assets/Data/Items,Wisp,addsFloorSpace,0
Assets/Data/Items,Wisp,holdsHowMany,0
Assets/Data/Items,Wisp,restoreVitality,10
Assets/Data/Items,Wisp,restoreSeconds,2.5
Assets/Data/Items,Wisp,drainAtFull,1
Assets/Data/Items,Wisp,countsUpTo,0
Assets/Data/Items,Wisp,unlocksSpeed,0
Assets/Data/Items,Wisp,unlocksRoomSpeed,False
Assets/Data/Items,Wisp,unlocksPlanning,False
Assets/Data/Places,HallMirror,kind,Hall
Assets/Data/Places,HallMirror,hue,None
Assets/Data/Places,HallMirror,depth,0
Assets/Data/Places,HallMirror,alwaysOnMap,False
Assets/Data/Places,HallMirror,ways.Array.data[0].bothWays,True
Assets/Data/Places,HallMirror,ways.Array.data[0].startsOpen,False
Assets/Data/Places,HallMirror,ways.Array.data[0].foundAtExplored,100
Assets/Data/Places,HallMirror,ways.Array.data[0].needsPerception,0
Assets/Data/Places,HallMirror,ways.Array.data[0].showWhileShut,False
Assets/Data/Places,HallMirror,exploresToFill,3
Assets/Data/Places,HallMirror,foundBySearching.Array.data[0].atSearched,33
Assets/Data/Places,HallMirror,foundBySearching.Array.data[0].needsPerception,0
Assets/Data/Places,HallMirror,leaving.cost,1
Assets/Data/Places,HallMirror,leaving.time,1
Assets/Data/Places,HallMirror,entering.cost,1
Assets/Data/Places,HallMirror,entering.time,1
Assets/Data/Places,HallMirror,exploring.cost,0.33
Assets/Data/Places,HallMirror,exploring.time,0.75
Assets/Data/Places,HallMirror,mapPosition.x,0
Assets/Data/Places,HallMirror,mapPosition.y,0
Assets/Data/Places,HangingMirrors,kind,Constructed
Assets/Data/Places,HangingMirrors,hue,None
Assets/Data/Places,HangingMirrors,depth,3
Assets/Data/Places,HangingMirrors,alwaysOnMap,False
Assets/Data/Places,HangingMirrors,ways.Array.data[0].bothWays,True
Assets/Data/Places,HangingMirrors,ways.Array.data[0].startsOpen,False
Assets/Data/Places,HangingMirrors,ways.Array.data[0].needs.Array.data[0].amount,1
Assets/Data/Places,HangingMirrors,ways.Array.data[0].foundAtExplored,0
Assets/Data/Places,HangingMirrors,ways.Array.data[0].needsPerception,0
Assets/Data/Places,HangingMirrors,ways.Array.data[0].showWhileShut,False
Assets/Data/Places,HangingMirrors,exploresToFill,10
Assets/Data/Places,HangingMirrors,eachExploreGives.Array.data[0].amount,1
Assets/Data/Places,HangingMirrors,leaving.cost,1
Assets/Data/Places,HangingMirrors,leaving.time,1
Assets/Data/Places,HangingMirrors,entering.cost,1
Assets/Data/Places,HangingMirrors,entering.time,1
Assets/Data/Places,HangingMirrors,exploring.cost,1
Assets/Data/Places,HangingMirrors,exploring.time,1
Assets/Data/Places,HangingMirrors,mapPosition.x,3.22
Assets/Data/Places,HangingMirrors,mapPosition.y,0.62
Assets/Data/Places,Junction,kind,Hall
Assets/Data/Places,Junction,hue,None
Assets/Data/Places,Junction,depth,1
Assets/Data/Places,Junction,alwaysOnMap,False
Assets/Data/Places,Junction,ways.Array.data[0].bothWays,True
Assets/Data/Places,Junction,ways.Array.data[0].startsOpen,True
Assets/Data/Places,Junction,ways.Array.data[0].foundAtExplored,100
Assets/Data/Places,Junction,ways.Array.data[0].needsPerception,0
Assets/Data/Places,Junction,ways.Array.data[0].showWhileShut,False
Assets/Data/Places,Junction,ways.Array.data[1].bothWays,True
Assets/Data/Places,Junction,ways.Array.data[1].startsOpen,True
Assets/Data/Places,Junction,ways.Array.data[1].foundAtExplored,100
Assets/Data/Places,Junction,ways.Array.data[1].needsPerception,0
Assets/Data/Places,Junction,ways.Array.data[1].showWhileShut,False
Assets/Data/Places,Junction,exploresToFill,5
Assets/Data/Places,Junction,foundBySearching.Array.data[0].atSearched,33
Assets/Data/Places,Junction,foundBySearching.Array.data[0].needsPerception,0
Assets/Data/Places,Junction,foundBySearching.Array.data[1].atSearched,66
Assets/Data/Places,Junction,foundBySearching.Array.data[1].needsPerception,0
Assets/Data/Places,Junction,foundBySearching.Array.data[2].atSearched,66
Assets/Data/Places,Junction,foundBySearching.Array.data[2].needsPerception,0
Assets/Data/Places,Junction,foundBySearching.Array.data[3].atSearched,66
Assets/Data/Places,Junction,foundBySearching.Array.data[3].needsPerception,0
Assets/Data/Places,Junction,leaving.cost,1
Assets/Data/Places,Junction,leaving.time,1
Assets/Data/Places,Junction,entering.cost,1
Assets/Data/Places,Junction,entering.time,1
Assets/Data/Places,Junction,exploring.cost,0.5
Assets/Data/Places,Junction,exploring.time,0.75
Assets/Data/Places,Junction,mapPosition.x,1.27
Assets/Data/Places,Junction,mapPosition.y,0
Assets/Data/Places,LeftCorridor,kind,Hall
Assets/Data/Places,LeftCorridor,hue,None
Assets/Data/Places,LeftCorridor,depth,2
Assets/Data/Places,LeftCorridor,alwaysOnMap,False
Assets/Data/Places,LeftCorridor,ways.Array.data[0].bothWays,True
Assets/Data/Places,LeftCorridor,ways.Array.data[0].startsOpen,False
Assets/Data/Places,LeftCorridor,ways.Array.data[0].needs.Array.data[0].amount,10
Assets/Data/Places,LeftCorridor,ways.Array.data[0].foundAtExplored,100
Assets/Data/Places,LeftCorridor,ways.Array.data[0].needsPerception,0
Assets/Data/Places,LeftCorridor,ways.Array.data[0].showWhileShut,True
Assets/Data/Places,LeftCorridor,exploresToFill,5
Assets/Data/Places,LeftCorridor,foundBySearching.Array.data[0].atSearched,66
Assets/Data/Places,LeftCorridor,foundBySearching.Array.data[0].needsPerception,0
Assets/Data/Places,LeftCorridor,foundBySearching.Array.data[1].atSearched,20
Assets/Data/Places,LeftCorridor,foundBySearching.Array.data[1].needsPerception,0
Assets/Data/Places,LeftCorridor,leaving.cost,1
Assets/Data/Places,LeftCorridor,leaving.time,1
Assets/Data/Places,LeftCorridor,entering.cost,1
Assets/Data/Places,LeftCorridor,entering.time,1
Assets/Data/Places,LeftCorridor,exploring.cost,0.5
Assets/Data/Places,LeftCorridor,exploring.time,0.75
Assets/Data/Places,LeftCorridor,mapPosition.x,1.94
Assets/Data/Places,LeftCorridor,mapPosition.y,0.49
Assets/Data/Places,OtherLaboratory,kind,Clara Memory
Assets/Data/Places,OtherLaboratory,hue,None
Assets/Data/Places,OtherLaboratory,depth,4
Assets/Data/Places,OtherLaboratory,alwaysOnMap,False
Assets/Data/Places,OtherLaboratory,exploresToFill,1
Assets/Data/Places,OtherLaboratory,foundBySearching.Array.data[0].atSearched,34
Assets/Data/Places,OtherLaboratory,foundBySearching.Array.data[0].needsPerception,0
Assets/Data/Places,OtherLaboratory,foundBySearching.Array.data[1].atSearched,34
Assets/Data/Places,OtherLaboratory,foundBySearching.Array.data[1].needsPerception,0
Assets/Data/Places,OtherLaboratory,foundBySearching.Array.data[2].atSearched,20
Assets/Data/Places,OtherLaboratory,foundBySearching.Array.data[2].needsPerception,0
Assets/Data/Places,OtherLaboratory,foundBySearching.Array.data[3].atSearched,34
Assets/Data/Places,OtherLaboratory,foundBySearching.Array.data[3].needsPerception,0
Assets/Data/Places,OtherLaboratory,foundBySearching.Array.data[4].atSearched,20
Assets/Data/Places,OtherLaboratory,foundBySearching.Array.data[4].needsPerception,0
Assets/Data/Places,OtherLaboratory,foundBySearching.Array.data[5].atSearched,67
Assets/Data/Places,OtherLaboratory,foundBySearching.Array.data[5].needsPerception,0
Assets/Data/Places,OtherLaboratory,foundBySearching.Array.data[6].atSearched,15
Assets/Data/Places,OtherLaboratory,foundBySearching.Array.data[6].needsPerception,0
Assets/Data/Places,OtherLaboratory,foundBySearching.Array.data[7].atSearched,15
Assets/Data/Places,OtherLaboratory,foundBySearching.Array.data[7].needsPerception,0
Assets/Data/Places,OtherLaboratory,foundBySearching.Array.data[8].atSearched,25
Assets/Data/Places,OtherLaboratory,foundBySearching.Array.data[8].needsPerception,0
Assets/Data/Places,OtherLaboratory,foundBySearching.Array.data[9].atSearched,25
Assets/Data/Places,OtherLaboratory,foundBySearching.Array.data[9].needsPerception,0
Assets/Data/Places,OtherLaboratory,leaving.cost,1
Assets/Data/Places,OtherLaboratory,leaving.time,1
Assets/Data/Places,OtherLaboratory,entering.cost,1
Assets/Data/Places,OtherLaboratory,entering.time,1
Assets/Data/Places,OtherLaboratory,exploring.cost,0.25
Assets/Data/Places,OtherLaboratory,exploring.time,0.25
Assets/Data/Places,OtherLaboratory,mapPosition.x,4.47
Assets/Data/Places,OtherLaboratory,mapPosition.y,0.68
Assets/Data/Places,RightCorridor,kind,Hall
Assets/Data/Places,RightCorridor,hue,None
Assets/Data/Places,RightCorridor,depth,2
Assets/Data/Places,RightCorridor,alwaysOnMap,False
Assets/Data/Places,RightCorridor,exploresToFill,5
Assets/Data/Places,RightCorridor,foundBySearching.Array.data[0].atSearched,33
Assets/Data/Places,RightCorridor,foundBySearching.Array.data[0].needsPerception,0
Assets/Data/Places,RightCorridor,foundBySearching.Array.data[1].atSearched,66
Assets/Data/Places,RightCorridor,foundBySearching.Array.data[1].needsPerception,0
Assets/Data/Places,RightCorridor,foundBySearching.Array.data[2].atSearched,100
Assets/Data/Places,RightCorridor,foundBySearching.Array.data[2].needsPerception,0
Assets/Data/Places,RightCorridor,foundBySearching.Array.data[3].atSearched,100
Assets/Data/Places,RightCorridor,foundBySearching.Array.data[3].needsPerception,0
Assets/Data/Places,RightCorridor,leaving.cost,1
Assets/Data/Places,RightCorridor,leaving.time,1
Assets/Data/Places,RightCorridor,entering.cost,1
Assets/Data/Places,RightCorridor,entering.time,1
Assets/Data/Places,RightCorridor,exploring.cost,0.5
Assets/Data/Places,RightCorridor,exploring.time,0.75
Assets/Data/Places,RightCorridor,mapPosition.x,1.83
Assets/Data/Places,RightCorridor,mapPosition.y,-0.48
Assets/Data/Switches,AGlimmer,trigger,Room Explored
Assets/Data/Switches,AGlimmer,triggerAttribute,Perception
Assets/Data/Switches,AGlimmer,triggerLevel,1
Assets/Data/Switches,AGlimmer,triggerAmount,5
Assets/Data/Switches,AGlimmer,explorePercent,33
Assets/Data/Switches,AllTwentyFiveAlight,trigger,Resource Reached
Assets/Data/Switches,AllTwentyFiveAlight,triggerAttribute,Perception
Assets/Data/Switches,AllTwentyFiveAlight,triggerLevel,1
Assets/Data/Switches,AllTwentyFiveAlight,triggerAmount,10
Assets/Data/Switches,AllTwentyFiveAlight,explorePercent,100
Assets/Data/Switches,FoundTheRing,trigger,Room Explored
Assets/Data/Switches,FoundTheRing,triggerAttribute,Perception
Assets/Data/Switches,FoundTheRing,triggerLevel,1
Assets/Data/Switches,FoundTheRing,triggerAmount,5
Assets/Data/Switches,FoundTheRing,explorePercent,66
Assets/Data/Switches,Home,trigger,Tasks Completed In One Run
Assets/Data/Switches,Home,triggerAttribute,Perception
Assets/Data/Switches,Home,triggerLevel,1
Assets/Data/Switches,Home,triggerAmount,5
Assets/Data/Switches,Home,explorePercent,100
Assets/Data/Switches,Home,wakesAttributes.Array.data[0],Endurance
Assets/Data/Switches,Home,wakesAttributes.Array.data[1],Perception
Assets/Data/Switches,Home,wakesAttributes.Array.data[2],Scholarship
Assets/Data/Switches,Home,wakesAttributes.Array.data[3],Attunement
Assets/Data/Switches,Home,wakesAttributes.Array.data[4],Composure
Assets/Data/Switches,LostRoland,trigger,Loop Ended During Task
Assets/Data/Switches,LostRoland,triggerAttribute,Perception
Assets/Data/Switches,LostRoland,triggerLevel,1
Assets/Data/Switches,LostRoland,triggerAmount,5
Assets/Data/Switches,LostRoland,explorePercent,100
Assets/Data/Switches,MirrorsInTheDark,trigger,Resource Reached
Assets/Data/Switches,MirrorsInTheDark,triggerAttribute,Perception
Assets/Data/Switches,MirrorsInTheDark,triggerLevel,1
Assets/Data/Switches,MirrorsInTheDark,triggerAmount,5
Assets/Data/Switches,MirrorsInTheDark,explorePercent,100
Assets/Data/Switches,RolandTakesTheRing,trigger,Tasks Completed In One Run
Assets/Data/Switches,RolandTakesTheRing,triggerAttribute,Perception
Assets/Data/Switches,RolandTakesTheRing,triggerLevel,1
Assets/Data/Switches,RolandTakesTheRing,triggerAmount,5
Assets/Data/Switches,RolandTakesTheRing,explorePercent,100
Assets/Data/Switches,TheDarknessPushedBack,trigger,Resource Reached
Assets/Data/Switches,TheDarknessPushedBack,triggerAttribute,Perception
Assets/Data/Switches,TheDarknessPushedBack,triggerLevel,1
Assets/Data/Switches,TheDarknessPushedBack,triggerAmount,15
Assets/Data/Switches,TheDarknessPushedBack,explorePercent,100
Assets/Data/Switches,TheEarrings,trigger,Resource Reached
Assets/Data/Switches,TheEarrings,triggerAttribute,Perception
Assets/Data/Switches,TheEarrings,triggerLevel,1
Assets/Data/Switches,TheEarrings,triggerAmount,1
Assets/Data/Switches,TheEarrings,explorePercent,100
Assets/Data/Switches,TheGemCracks,trigger,Loop Ended During Task
Assets/Data/Switches,TheGemCracks,triggerAttribute,Perception
Assets/Data/Switches,TheGemCracks,triggerLevel,1
Assets/Data/Switches,TheGemCracks,triggerAmount,5
Assets/Data/Switches,TheGemCracks,explorePercent,100
Assets/Data/Switches,TheGemIsMade,trigger,Resource Reached
Assets/Data/Switches,TheGemIsMade,triggerAttribute,Perception
Assets/Data/Switches,TheGemIsMade,triggerLevel,1
Assets/Data/Switches,TheGemIsMade,triggerAmount,1
Assets/Data/Switches,TheGemIsMade,explorePercent,100
Assets/Data/Switches,TheManaStone,trigger,Resource Reached
Assets/Data/Switches,TheManaStone,triggerAttribute,Perception
Assets/Data/Switches,TheManaStone,triggerLevel,1
Assets/Data/Switches,TheManaStone,triggerAmount,1
Assets/Data/Switches,TheManaStone,explorePercent,100
Assets/Data/Switches,TheMemoryIsWrong,trigger,Room Explored
Assets/Data/Switches,TheMemoryIsWrong,triggerAttribute,Perception
Assets/Data/Switches,TheMemoryIsWrong,triggerLevel,1
Assets/Data/Switches,TheMemoryIsWrong,triggerAmount,5
Assets/Data/Switches,TheMemoryIsWrong,explorePercent,34
Assets/Data/Switches,TheOtherLaboratory,trigger,Resource Reached
Assets/Data/Switches,TheOtherLaboratory,triggerAttribute,Perception
Assets/Data/Switches,TheOtherLaboratory,triggerLevel,1
Assets/Data/Switches,TheOtherLaboratory,triggerAmount,10
Assets/Data/Switches,TheOtherLaboratory,explorePercent,100
Assets/Data/Switches,TheStoneIsCut,trigger,Tasks Completed In One Run
Assets/Data/Switches,TheStoneIsCut,triggerAttribute,Perception
Assets/Data/Switches,TheStoneIsCut,triggerLevel,1
Assets/Data/Switches,TheStoneIsCut,triggerAmount,5
Assets/Data/Switches,TheStoneIsCut,explorePercent,100
Assets/Data/Switches,WhatHeDidThatNight,trigger,Tasks Completed In One Run
Assets/Data/Switches,WhatHeDidThatNight,triggerAttribute,Perception
Assets/Data/Switches,WhatHeDidThatNight,triggerLevel,1
Assets/Data/Switches,WhatHeDidThatNight,triggerAmount,1
Assets/Data/Switches,WhatHeDidThatNight,explorePercent,100
Assets/Data/Skills,Convincing,learnsFasterWith,Attunement
Assets/Data/Skills,Crafting,learnsFasterWith,None
Assets/Data/Skills,Gathering,learnsFasterWith,Endurance
Assets/Data/Skills,Instantiate,learnsFasterWith,Perception
Assets/Data/Skills,Invoking,learnsFasterWith,Scholarship
Assets/Data/Skills,Studying,learnsFasterWith,Scholarship
Assets/Data/Skills,Wayfinding,learnsFasterWith,Endurance
Assets/Data/CostFamilies,Correctamemory,durationCoefficient,1.2
Assets/Data/CostFamilies,Explore,durationCoefficient,0.3
Assets/Data/CostFamilies,Gather,durationCoefficient,0.2
Assets/Data/CostFamilies,Handle,durationCoefficient,0.1
Assets/Data/CostFamilies,Instantiatelarge,durationCoefficient,1.5
Assets/Data/CostFamilies,Instantiatesmall,durationCoefficient,0.5
Assets/Data/CostFamilies,Sacrifice,durationCoefficient,1
Assets/Data/CostFamilies,Search,durationCoefficient,0.7
Assets/Data/CostFamilies,Study,durationCoefficient,0.8
Assets/Data/CostFamilies,Take,durationCoefficient,0.4
Assets/Data/CostFamilies,Traverse,durationCoefficient,1
Assets/Data/CostFamilies,Work,durationCoefficient,1
